"x","y"
-0.604730040627716,0.146585821276304
-0.5820127226405,0.167619653210083
-0.559295404653283,0.190621453924322
-0.536578086666066,0.215580252789665
-0.513860768678849,0.242479071447608
-0.491143450691632,0.271324559078575
-0.468426132704415,0.302046264731354
-0.445708814717198,0.334438417247503
-0.422991496729981,0.368340865674242
-0.400274178742764,0.403557280216941
-0.377556860755548,0.439907828357336
-0.354839542768331,0.477022194959032
-0.332122224781114,0.514589794359211
-0.309404906793897,0.552273992914679
-0.28668758880668,0.589686919052923
-0.263970270819463,0.626399492928087
-0.241252952832246,0.662023333386246
-0.218535634845029,0.69615660210687
-0.195818316857813,0.728382579268996
-0.173100998870596,0.758138032510688
-0.150383680883379,0.785175338392593
-0.127666362896162,0.809149645337643
-0.104949044908945,0.829747769613657
-0.0822317269217282,0.846506200479726
-0.0595144089345113,0.859259670901691
-0.0367970909472944,0.867930336318555
-0.0140797729600776,0.872402145961858
0.00863754502713932,0.872545359601572
0.0313548630143562,0.868188960723977
0.0540721810015731,0.859642347776533
0.07678949898879,0.847027640698164
0.0995068169760068,0.830518564540721
0.122224134963224,0.810146574372946
0.144941452950441,0.786363394635626
0.167658770937657,0.759540290114191
0.190376088924874,0.730020758292824
0.213093406912091,0.698124376570448
0.235810724899308,0.664238184098174
0.258528042886525,0.628868522374351
0.281245360873742,0.59241087094769
0.303962678860959,0.555254983457996
0.326679996848176,0.517787164551784
0.349397314835392,0.480414532112347
0.372114632822609,0.443469801079864
0.394831950809826,0.407256251120927
0.417549268797043,0.372090507585593
0.44026658678426,0.338242365458221
0.462983904771477,0.305868175692141
0.485701222758694,0.275127988956551
0.508418540745911,0.246151616602968
0.531135858733128,0.21916139360351
0.553853176720344,0.194083911510342
0.576570494707561,0.170939844581206
0.599287812694778,0.14972312025878
0.622005130681995,0.13048306212583
0.644722448669212,0.113132973325144
0.667439766656429,0.0975436249671822
0.690157084643646,0.0836281851900137
0.712874402630863,0.0713060231072373
0.735591720618079,0.060533827392787
0.758309038605296,0.0511037719035084
0.781026356592513,0.0429034449918165
0.80374367457973,0.0358208642886416
0.826460992566947,0.0297923270680347
0.849178310554164,0.0246690396089482
0.871895628541381,0.0203311910126312
0.894612946528598,0.0166855295206958
0.917330264515814,0.0136560716669165
0.940047582503031,0.0111719540729568
0.962764900490248,0.00913126931019225
0.985482218477465,0.00747094381777551
1.00819953646468,0.00613477712849236
1.0309168544519,0.0050867796080105
1.05363417243912,0.00426676803090144
1.07635149042633,0.003635457974054
1.09906880841355,0.00316162999449716
1.12178612640077,0.00282167336199931
1.14450344438798,0.00259213369618996
1.1672207623752,0.0024491103582826
1.18993808036242,0.00237722998543337
1.21265539834963,0.00236360867653899
1.23537271633685,0.00240007791097796
1.25809003432407,0.00247404222627148
1.28080735231128,0.0025783316461148
1.3035246702985,0.00270707105969028
1.32624198828572,0.00285597023121601
1.34895930627294,0.00302054666097051
1.37167662426015,0.00319703645913445
1.39439394224737,0.00338293955867355
1.41711126023459,0.00357633351445531
1.4398285782218,0.00377601009795295
1.46254589620902,0.00398059716931261
1.48526321419624,0.00418965103299509
1.50798053218345,0.00440315032491496
1.53069785017067,0.00462176924795745
1.55341516815789,0.00484637161993111
1.5761324861451,0.00507816825769496
1.59884980413232,0.00531888464196537
1.62156712211954,0.0055708495978531
1.64428444010675,0.00583741149306862
1.66700175809397,0.00612088529535946
1.68971907608119,0.00642452909445547
1.71243639406841,0.0067519048630167
1.73515371205562,0.0071087115840659
1.75787103004284,0.00749839935931267
1.78058834803006,0.00792495316123951
1.80330566601727,0.00839302979505531
1.82602298400449,0.00890881600595749
1.84874030199171,0.00947922414692622
1.87145761997892,0.0101074523234653
1.89417493796614,0.0107991510107206
1.91689225595336,0.0115602296556009
1.93960957394057,0.0124023845839822
1.96232689192779,0.0133282775269114
1.98504420991501,0.0143442719573383
2.00776152790222,0.0154575702646162
2.03047884588944,0.0166795747184702
2.05319616387666,0.0180196684097884
2.07591348186388,0.0194819965705456
2.09863079985109,0.0210749926695076
2.12134811783831,0.0228076092306908
2.14406543582553,0.0246995286870663
2.16678275381274,0.0267497806524073
2.18950007179996,0.0289671029563278
2.21221738978718,0.0313600864387127
2.23493470777439,0.033945432526075
2.25765202576161,0.0367295735786902
2.28036934374883,0.0397145407691798
2.30308666173604,0.042907312344016
2.32580397972326,0.0463167988411125
2.34852129771048,0.0499603681688944
2.37123861569769,0.0538298647094606
2.39395593368491,0.0579296301809918
2.41667325167213,0.0622633741611848
2.43939056965935,0.0668467246368512
2.46210788764656,0.0716748644398866
2.48482520563378,0.0767447577072878
2.507542523621,0.0820577535666016
2.53025984160821,0.0876197201941698
2.55297715959543,0.0934388989296833
2.57569447758265,0.0995023290691759
2.59841179556986,0.105809269825081
2.62112911355708,0.112358310986765
2.6438464315443,0.119161642835666
2.66656374953151,0.126203413468437
2.68928106751873,0.133475698728393
2.71199838550595,0.140971472684295
2.73471570349316,0.148687336410191
2.75743302148038,0.156612088784069
2.7801503394676,0.164720043494139
2.80286765745482,0.172990840212718
2.82558497544203,0.181399667955975
2.84830229342925,0.1899212580028
2.87101961141647,0.19850902888743
2.89373692940368,0.207120241551976
2.9164542473909,0.21570655019941
2.93917156537812,0.224207968707674
2.96188888336533,0.232556502972536
2.98460620135255,0.240688145874888
3.00732351933977,0.248531677246685
3.03004083732698,0.25600916253239
3.0527581553142,0.263008878356133
3.07547547330142,0.269475011831936
3.09819279128863,0.275328427993701
3.12091010927585,0.28049168679063
3.14362742726307,0.284850213511945
3.16634474525029,0.288344830785175
3.1890620632375,0.290933796683854
3.21177938122472,0.292564259062107
3.23449669921194,0.293176414539881
3.25721401719915,0.292692638673238
3.27993133518637,0.291152146648205
3.30264865317359,0.2885494419693
3.3253659711608,0.284891662252966
3.34808328914802,0.28014238494635
3.37080060713524,0.274381810812708
3.39351792512245,0.267674572588823
3.41623524310967,0.260079729365675
3.43895256109689,0.251648355610053
3.4616698790841,0.242451766258702
3.48438719707132,0.232616868633709
3.50710451505854,0.222236730191687
3.52982183304576,0.211408394521334
3.55253915103297,0.200216575410109
3.57525646902019,0.18879079311695
3.59797378700741,0.177232241437856
3.62069110499462,0.165636975555425
3.64340842298184,0.154102308234848
3.66612574096906,0.142725612826787
3.68884305895627,0.13158315183644
3.71156037694349,0.120745949826089
3.73427769493071,0.110277950387089
3.75699501291792,0.100267001379782
3.77971233090514,0.0907307161188176
3.80242964889236,0.0817037556953008
3.82514696687957,0.0732122395268172
3.84786428486679,0.0652982568181762
3.87058160285401,0.0579643598505602
3.89329892084123,0.051194668770391
3.91601623882844,0.0449833394975082
3.93873355681566,0.0393246267335746
