"grid","gcounts","est0","est2","signif_curv"
-1.25466433061849,0,1.68148363222098e-06,0.000506984224212623,0
-1.2446577767306,0,1.95815561709889e-06,0.000581224227832272,0
-1.2346512228427,0,2.27670576607997e-06,0.000665215369825348,0
-1.22464466895481,0,2.83555811408931e-06,0.000760056014868629,0
-1.21463811506692,0,3.5196288142858e-06,0.000866948966621636,0
-1.20463156117903,0,4.1241181278906e-06,0.000987210435099709,0
-1.19462500729113,0,4.77288059391734e-06,0.001122240568323,0
-1.18461845340324,0,5.51496307393817e-06,0.00127357521293497,0
-1.17461189951535,0,6.36234562512161e-06,0.00144287967038231,0
-1.16460534562745,0,7.32832226174596e-06,0.00163192221519805,0
-1.15459879173956,0,8.67466540549477e-06,0.00184260126303326,0
-1.14459223785167,0,1.01874601726726e-05,0.00207695438692246,0
-1.13458568396378,0,1.19889790511918e-05,0.00233713242608111,0
-1.12457913007588,0,1.40784866816124e-05,0.00262545255687253,0
-1.11457257618799,0,1.6431148320506e-05,0.00294432807061032,0
-1.1045660223001,0,1.87997570233467e-05,0.00329633770376901,0
-1.09455946841221,0,2.15543805009433e-05,0.0036841730018571,0
-1.08455291452431,0,2.49798631619669e-05,0.00411067149615359,0
-1.07454636063642,0,2.84663043040867e-05,0.00457874561497,0
-1.06453980674853,0,3.23904340447378e-05,0.00509145599633415,0
-1.05453325286063,0,3.67999837671551e-05,0.00565198339839494,0
-1.04452669897274,0,4.19710178373167e-05,0.00626359410468634,0
-1.03452014508485,0,4.75604093042037e-05,0.0069296270676092,0
-1.02451359119696,0,5.3802491586985e-05,0.00765349237151035,0
-1.01450703730906,0,6.07728000722729e-05,0.00843865123974558,0
-1.00450048342117,0,6.85793887498787e-05,0.00928862552848481,0
-0.994493929533278,0,7.75685948263827e-05,0.0102069173750987,0
-0.984487375645385,0,8.79329763071035e-05,0.0111970418425399,0
-0.974480821757492,0,9.91856586491924e-05,0.0122624797117748,0
-0.9644742678696,0,0.000111540538314192,0.0134066521183612,0
-0.954467713981707,0,0.000125167249744124,0.014632897565251,0
-0.944461160093814,0,0.000140267756812362,0.0159444622968228,0
-0.934454606205921,0,0.000156782417511797,0.0173444208246524,0
-0.924448052318029,0,0.000175255249139139,0.0188356765842412,0
-0.914441498430136,0,0.000195402373420583,0.0204209407428877,0
-0.904434944542243,0,0.000217643341007517,0.0221026764035398,0
-0.89442839065435,0,0.000242231028551587,0.0238831085697148,0
-0.884421836766458,0,0.000269254176271633,0.0257641613568938,0
-0.874415282878565,0,0.000298649063148831,0.0277473925355973,0
-0.864408728990672,0,0.000330997213867146,0.0298340644827705,0
-0.854402175102779,0,0.000366415883228666,0.0320250276964612,0
-0.844395621214887,0,0.000404950127922105,0.0343207166082829,0
-0.834389067326994,0,0.00044711389045643,0.0367211469523983,0
-0.824382513439101,0,0.00049248618977632,0.0392259376756146,0
-0.814375959551209,0,0.000541732938973111,0.0418342273909669,0
-0.804369405663316,0,0.000595319863793381,0.044544721304915,0
-0.794362851775423,0,0.000653682665405553,0.0473556517128301,0
-0.78435629788753,0,0.000716846668357363,0.0502647812256022,0
-0.774349743999638,0,0.000785448955738927,0.0532694391463917,0
-0.764343190111745,0,0.000858979620406833,0.056366542390247,0
-0.754336636223852,0,0.000937645627551678,0.0595525865173994,0
-0.744330082335959,0,0.00102225935486681,0.062823737765926,0
-0.734323528448067,0,0.00111336480473116,0.0661757670357402,0
-0.724316974560174,0,0.0012110832580558,0.0696041916077609,0
-0.714310420672281,0,0.00131576359383734,0.0731043129160872,0
-0.704303866784388,0,0.00142810885030825,0.0766711827788109,0
-0.694297312896496,0,0.00154777027898956,0.080299801596827,0
-0.684290759008603,0,0.00167528378435006,0.0839850991795659,0
-0.67428420512071,0,0.00181158027387102,0.0877220488633037,0
-0.664277651232817,0,0.00195673550998408,0.0915056554663077,0
-0.654271097344925,0,0.00211096507329552,0.0953312266332414,0
-0.644264543457032,0,0.00227485942429896,0.0991943163506223,0
-0.634257989569139,0,0.00244824355961325,0.103090881988651,0
-0.624251435681247,0,0.00263229314425389,0.107017315564187,0
-0.614244881793354,0,0.00282663968076197,0.110970595343294,0
-0.604238327905461,0,0.00303227197386739,0.114948258903746,0
-0.594231774017568,0,0.00324943888029393,0.118948781675515,0
-0.584225220129676,0,0.00347916065977283,0.122971177534508,0
-0.574218666241783,0,0.00372055139409981,0.127015530772616,0
-0.56421211235389,0,0.00397414132902314,0.131082908712597,0
-0.554205558465997,0,0.00424100846544645,0.135175321092849,0
-0.544199004578105,0,0.00452177169367769,0.139295933964049,0
-0.534192450690212,0,0.0048165929947403,0.143448990023786,0
-0.524185896802319,0,0.00512571315491514,0.147639927164997,0
-0.514179342914426,0,0.00544929848880733,0.151875332339274,0
-0.504172789026534,0,0.00578854928254141,0.156163002104979,0
-0.494166235138641,0,0.00614323228915838,0.160511948687793,0
-0.484159681250748,0,0.00651395644303815,0.164932336003536,0
-0.474153127362855,0,0.00690119279645585,0.169435397801964,0
-0.464146573474963,0,0.00730529558423157,0.174033584624617,0
-0.45414001958707,0,0.00772668054326582,0.178740372573992,0
-0.444133465699177,0,0.00816657616476051,0.183570087319047,0
-0.434126911811284,0,0.00862498555243912,0.188538016459546,0
-0.424120357923392,0,0.00910201307633828,0.193660167185662,0
-0.414113804035499,0,0.00959825897300448,0.198953316980564,0
-0.404107250147606,0,0.010113815192387,0.204434750653325,0
-0.394100696259714,0,0.0106499367314001,0.210122221112019,0
-0.384094142371821,0,0.0112076735372448,0.216033807389578,0
-0.374087588483928,0,0.0117864422385449,0.22218775895976,0
-0.364081034596035,0,0.0123880670976631,0.228602440935586,0
-0.354074480708143,0,0.0130129985962653,0.235296080133344,0
-0.34406792682025,0,0.0136611485110415,0.242286718618826,0
-0.334061372932357,0.931437417304679,0.0143326152577257,0.249592227654437,0
-0.324054819044464,0.0685625826953213,0.015029188024527,0.257229835247812,0
-0.314048265156572,0,0.015751372566065,0.265216336654808,0
-0.304041711268679,0.294178249150747,0.0165006176206128,0.273567979857826,0
-0.294035157380786,0.779093635263877,0.0172777423466801,0.282300171257924,0
-0.284028603492893,1.02691723942704,0.0180829432680178,0.291427597207083,0
-0.274022049605001,0.899810876158341,0.0189168839495908,0.300964093179325,0
-0.264015495717108,0,0.0197808385476824,0.310922653259516,0
-0.254008941829215,0,0.0206753633033237,0.321315357872485,0
-0.244002387941322,0,0.0216027995171757,0.332153440191654,0
-0.23399583405343,0.822885624457527,0.0225630330648576,0.343447204313588,0
-0.223989280165537,0.985190874890478,0.023557531654417,0.355206049238603,0
-0.213982726277644,0.191923500651995,0.0245886959763136,0.367438744395214,0
-0.203976172389752,0,0.0256561286724089,0.380153190974103,0
-0.193969618501859,0,0.0267621402314861,0.393356666371475,0
-0.183963064613966,0,0.0279079917191678,0.407055923632887,0
-0.173956510726073,0,0.029095470556098,0.421257260335263,0
-0.163949956838181,1.05491905101198,0.0303231577943068,0.435966685331949,0
-0.153943402950288,0.945080948988021,0.0315940805527135,0.451189867425012,0
-0.143936849062395,1.2707257637734,0.0329096690878163,0.466932509742191,0
-0.133930295174502,1.42269511102215,0.0342725215429606,0.483200324992291,0
-0.12392374128661,1.30657912520445,0.0356839385131606,0.499999203249839,0
-0.113917187398717,0,0.037146419684461,0.517335236777543,0
-0.103910633510824,0.330371396762274,0.0386589478297285,0.535215006712263,0
-0.0939040796229313,1.66962860323773,0.0402288365014988,0.553645601369742,0
-0.0838975257350387,0,0.0418519571032489,0.572634646905519,0
-0.0738909718471459,0,0.0435315998994976,0.592190485997079,0
-0.0638844179592533,0,0.0452716840399362,0.61232219162461,0
-0.0538778640713604,0.956999227612314,0.0470725608479085,0.633039524587859,0
-0.0438713101834678,0.0430007723876855,0.0489376023838427,0.654353105614525,0
-0.0338647562955749,0,0.050868066336909,0.676274288159961,0
-0.0238582024076823,0,0.052866633702971,0.698815096127397,0
-0.0138516485197895,0.152915815629058,0.0549346338887973,0.721988168732672,0
-0.00384509463189686,1.4263061387372,0.0570742085995513,0.745806653345223,0
0.00616145925599598,2.94163815690284,0.0592886869165098,0.770284152101898,0
0.0161680131438886,1.69501631848142,0.0615806756894822,0.795434462420792,0
0.0261745670317814,1.08140289106325,0.0639501168629945,0.821271355954152,0
0.0361811209196743,0.797592992163288,0.0664021388647539,0.847808396073663,0
0.0461876748075669,0.90512768702294,0.0689414277666524,0.87505868023716,0
0.0561942286954598,0.19167456967341,0.0715680765949085,0.903034567696621,0
0.0662007825833524,1.33783922498276,0.0742856983133686,0.931747234581692,0
0.0762073364712452,0.470486205343832,0.0770953232344171,0.961206471206954,0
0.0862138903591378,0.873941598538465,0.0800017590317572,0.991420315623927,0
0.0962204442470307,1.60134391855567,0.0830073699125585,1.02239452104589,0
0.106226998134923,1.84770639285065,0.0861154520679052,1.05413222463892,0
0.116233552022816,0.986051914909126,0.0893295064567103,1.08663357411673,0
0.126240105910709,1.91395398295339,0.0926521445733584,1.11989519854381,0
0.136246659798602,2.3209461310407,0.0960881392133302,1.15390978204394,0
0.146253213686494,1.92311996892209,0.0996393132333491,1.18866566102529,0
0.156259767574387,2.80703032232572,0.103307931005042,1.22414626063282,0
0.16626632146228,0.725905769904188,0.107102074417244,1.26032970501953,0
0.176272875350173,0.764999143057821,0.111020997186588,1.29718831473227,0
0.186279429238065,1.71554745459096,0.115068317918787,1.33468820007696,0
0.196285983125958,3.2542112201192,0.119250971929115,1.37278876279381,0
0.206292537013851,3.46574278178582,0.123570546416568,1.41144232878598,0
0.216299090901743,5.11165981999304,0.128031207646412,1.45059368462792,0
0.226305644789636,2.99958230630318,0.132636454269344,1.49017969907161,0
0.236312198677529,0.752120026297774,0.137391013473587,1.5301289922373,0
0.246318752565422,0.989436216016003,0.142298671245111,1.57036155466041,0
0.256325306453314,2.16158388096625,0.147365064462432,1.6107884870306,0
0.266331860341207,2.26916084932361,0.152593674720985,1.6513117201689,0
0.2763384142291,2.41075058221131,0.157985616068894,1.69182378478649,0
0.286344968116993,4.06366996701678,0.163548788203488,1.73220761922755,0
0.296351522004885,2.44847391080538,0.169285283118139,1.77233646821879,0
0.306358075892778,1.83914198914644,0.175198277402199,1.81207378959406,0
0.316364629780671,3.76804829155762,0.181292179170412,1.85127320456152,0
0.326371183668564,4.14604376634574,0.187571077771621,1.88977856378951,0
0.336377737556456,3.77304540566021,0.194040810297045,1.9274240283915,0
0.346384291444349,4.35291800981969,0.200701929362748,1.96403421075447,0
0.356390845332242,2.4478203571752,0.207559930812302,1.99942443012168,0
0.366397399220135,4.22580347089706,0.214618838835287,2.03340099158303,0
0.376403953108027,2.49838610334282,0.221882919355555,2.06576156060193,0
0.38641050699592,3.6136354517576,0.22935277142647,2.09629560835909,0
0.396417060883813,3.96127816056961,0.23703241591784,2.12478493399995,0
0.406423614771706,6.93686141829767,0.244925636237456,2.15100426504113,0
0.416430168659598,3.93552153703507,0.253033580123044,2.1747219366792,0
0.426436722547491,1.9498350407778,0.261359080707222,2.19570065017713,0
0.436443276435384,3.21156401043058,0.269904885862386,2.2136983098828,0
0.446449830323276,5.25097905145822,0.278670628206192,2.2284689377638,0
0.456456384211169,5.95185658025434,0.287659511774255,2.23976366362971,0
0.466462938099062,5.82428899577201,0.296873667258018,2.2473317884635,0
0.476469491986955,4.66406040625142,0.306313503270008,2.25092191750688,0
0.486476045874847,7.05334973382219,0.315978570772394,2.25028315895,0
0.49648259976274,6.2742444148187,0.325867527662706,2.24516638327493,0
0.506489153650633,6.38854385950791,0.335981493844914,2.23532553750694,0
0.516495707538526,6.64766230235685,0.346320222304319,2.22051900785022,0
0.526502261426418,6.49629877575765,0.356881312102887,2.20051102343896,0
0.536508815314311,6.2276348906247,0.367662269786836,2.17507309323276,0
0.546515369202204,9.29779622574551,0.378660664872691,2.14398546744167,0
0.556521923090097,9.86288830602092,0.389874855670605,2.10703861429219,0
0.566528476977989,8.65556173866628,0.401298906025939,2.06403470245298,0
0.576535030865882,8.01856381640405,0.41292854658925,2.01478907903954,0
0.586541584753775,5.64260038712652,0.424761181254704,1.95913173281827,0
0.596548138641668,6.73500201921979,0.436790130745338,1.89690873204115,0
0.60655469252956,9.80694116865121,0.449008059332309,1.82798362626704,0
0.616561246417453,7.4350971067538,0.461409164663037,1.75223880156954,0
0.626567800305346,10.6670092504397,0.473985547696038,1.6695767786938,0
0.636574354193238,12.6305833844215,0.486728337146135,1.57992144400704,0
0.646580908081131,11.0529879886208,0.499629964716769,1.48321920348506,0
0.656587461969024,7.16719391133933,0.512680029823004,1.37944005048555,0
0.666594015856917,8.49927711532351,0.525868189044106,1.26857853867023,0
0.676600569744809,8.64026208023608,0.539183165441442,1.15065465214388,0
0.686607123632702,11.6589308760316,0.552613519228587,1.02571456566619,0
0.696613677520595,14.2313557831994,0.566146054107661,0.893831288651553,0
0.706620231408488,13.5529815791363,0.57976827230279,0.75510518758713,0
0.71662678529638,11.9529345260208,0.593466229455986,0.609664382456856,0
0.726633339184273,12.0469914752924,0.607224944445104,0.45766501374347,0
0.736639893072166,10.3506649085839,0.621029792621016,0.299291377576052,0
0.746646446960058,14.6241426154565,0.634864182065426,0.134755927582465,0
0.756653000847952,13.229212007723,0.648711846425375,-0.0357008570207455,0
0.766659554735844,13.6145033583448,0.662555840544213,-0.211810736627749,0
0.776666108623737,19.3125368026214,0.676378813333551,-0.3932781083635,0
0.786672662511629,17.2703517900131,0.690162290257222,-0.579780532917275,0
0.796679216399522,20.0481773926178,0.703887626337734,-0.770969388110418,0
0.806685770287415,22.1874824490237,0.717535964179809,-0.966470645521558,1
0.816692324175308,25.773215464072,0.731087272639762,-1.16588576587574,1
0.8266988780632,16.5980268780569,0.744521754921718,-1.36879270837175,1
0.836705431951093,15.5305247439873,0.757819134825252,-1.57474704867661,1
0.846711985838986,14.3719569964355,0.770958673049171,-1.78328319995723,1
0.856718539726879,17.9522512183954,0.783919584795788,-1.99391573104571,1
0.866725093614771,19.7482567445589,0.796680825180086,-2.20614077564127,1
0.876731647502664,24.8978010347529,0.809221202600932,-2.41943752633475,1
0.886738201390557,17.5523751023562,0.821519594052771,-2.63326980719256,1
0.89674475527845,35.0873487351381,0.833554224597546,-2.84708771864854,1
0.906751309166343,24.325988507437,0.845303500925937,-3.0603293485153,1
0.916757863054235,21.1399092730381,0.856746717102949,-3.27242254303061,1
0.926764416942128,26.9316442564759,0.867862253484807,-3.48278673199007,1
0.93677097083002,24.7686978647157,0.878629054154346,-3.69083480217299,1
0.946777524717914,28.5342993828859,0.889026103884728,-3.89597501343443,1
0.956784078605806,27.98507807335,0.899033270844123,-4.09761295200238,1
0.966790632493699,29.591000483387,0.908630166783217,-4.29515351567471,1
0.976797186381591,26.9577375904718,0.9177970090032,-4.48800292574874,1
0.986803740269484,23.9707530340327,0.926514463766687,-4.67557076062687,1
0.996810294157377,25.5518953056,0.934763537476432,-4.85727200611969,1
1.00681684804527,27.6341285475077,0.942526031689674,-5.03252911750668,1
1.01682340193316,18.4375163407511,0.949784993896232,-5.20077408841008,1
1.02682995582106,21.7152275027493,0.956523408235133,-5.36145052148671,1
1.03683650970895,33.3874353856578,0.962725102641363,-5.51401569584351,1
1.04684306359684,32.0431624019829,0.968374717810832,-5.65794262593558,1
1.05684961748473,34.3623750104845,0.973458014021064,-5.7927221065115,1
1.06685617137263,28.4022495230659,0.977961107689016,-5.91786473793186,1
1.07686272526052,31.3362958426725,0.981871910988666,-6.03290292590703,1
1.08686927914841,31.0287768550195,0.985178627250943,-6.1373928493849,1
1.0968758330363,31.6250502208989,0.987870746569026,-6.23091638997306,1
1.1068823869242,33.5281658433854,0.9899390251454,-6.31308301591132,1
1.11688894081209,32.3758368259934,0.991375463710731,-6.38353161322627,1
1.12689549469998,37.5482836457481,0.992172624497504,-6.44193225630929,1
1.13690204858788,35.0629319318053,0.992324794244253,-6.48798790977168,1
1.14690860247577,27.6645089090313,0.991827532597054,-6.52143605305596,1
1.15691515636366,40.7767814056995,0.990677219906533,-6.54205021893092,1
1.16692171025155,33.0537012300475,0.988872408849516,-6.54964144105639,1
1.17692826413945,26.0879273871647,0.986411849657004,-6.54405957432568,1
1.18693481802734,33.809818230796,0.983295925304811,-6.52519454660777,1
1.19694137191523,30.770804699777,0.979526439558221,-6.49297744138068,1
1.20694792580312,29.4017280743397,0.975106927880191,-6.44738146507205,1
1.21695447969102,26.4167922861754,0.970041668301674,-6.38842276754011,1
1.22696103357891,27.184051560924,0.964337355000412,-6.31616111147311,1
1.2369675874668,26.96033199532,0.958001173137494,-6.23070037543498,1
1.2469741413547,33.6847910064035,0.951041113355325,-6.13218889546261,1
1.25698069524259,36.8841344803207,0.943466865991726,-6.02081960139187,1
1.26698724913048,26.8366464734532,0.935289833213685,-5.89682998658527,1
1.27699380301837,34.6977782807124,0.926522423955161,-5.76050185977219,1
1.28700035690627,32.8757977701864,0.91717798825767,-5.61216091195703,1
1.29700691079416,27.5634532751937,0.907272076471395,-5.45217607558794,1
1.30701346468205,24.8060449513246,0.89682044768048,-5.28095865002622,1
1.31702001856994,23.1480360441653,0.885839717756399,-5.09896122223303,1
1.32702657245784,30.2223828308526,0.874348475596907,-4.90667636779191,1
1.33703312634573,22.367929030941,0.862366125507497,-4.70463513604975,1
1.34703968023362,23.5164039360386,0.849912685379315,-4.49340529530201,1
1.35704623412152,26.5427027677725,0.83700980945157,-4.27358939884234,1
1.36705278800941,32.729185297033,0.823678705242137,-4.04582260725639,1
1.3770593418973,26.4773317335452,0.809942928696598,-3.81077032106191,1
1.38706589578519,25.137167461496,0.795825386445508,-3.56912560967794,1
1.39707244967309,27.8500716627588,0.781350457969967,-3.32160647603772,1
1.40707900356098,23.6450992649127,0.766542405589632,-3.06895290888498,1
1.41708555744887,21.8832616205103,0.751427798969112,-2.81192377841419,1
1.42709211133676,23.0282397552998,0.736032060523789,-2.55129364649299,1
1.43709866522466,14.5734565364194,0.720380573236513,-2.28784936909578,1
1.44710521911255,14.7495221004196,0.704499599913285,-2.02238663906345,1
1.45711177300044,19.1729803124968,0.688416044323607,-1.75570640730472,1
1.46711832688834,21.3452900521148,0.672156781576063,-1.48861128507017,1
1.47712488077623,19.5690261668215,0.65574874232811,-1.22190185362023,1
1.48713143466412,12.4391204133746,0.639217875808743,-0.95637297934552,1
1.49713798855201,13.3224138411661,0.622591464851345,-0.692810132360968,0
1.50714454243991,17.1863677809569,0.605895680947296,-0.43198572179597,0
1.5171510963278,16.4128043879854,0.589156602371267,-0.174655487469292,0
1.52715765021569,13.513641973057,0.572400073194833,0.0784449852547572,0
1.53716420410358,11.439828328685,0.55565144318917,0.326603698163328,0
1.54717075799148,15.8844488965954,0.538934876320802,0.569135518043872,0
1.55717731187937,9.92790804917558,0.522275240398718,0.805385307202675,0
1.56718386576726,4.93343550531779,0.505696540942859,1.03473085001826,0
1.57719041965516,10.6776121055721,0.489221572003463,1.25658563239681,0
1.58719697354305,10.7365786815701,0.472872862761988,1.47040132962235,0
1.59720352743094,5.93872794712382,0.456671051258498,1.67567011669429,0
1.60721008131883,6.51217511163804,0.440636331394361,1.87192669819067,0
1.61721663520673,5.60183518761613,0.424789529204994,2.05875006894538,0
1.62722318909462,2.24593638787155,0.409148147644988,2.23576497802566,0
1.63722974298251,5.43383281799009,0.393730257586541,2.40264314644704,0
1.64723629687041,5.03949784321384,0.378553317078564,2.55910414760435,0
1.6572428507583,5.65911155827376,0.363633383399302,2.70491598660371,0
1.66724940464619,3.72154323510733,0.348983887553433,2.83989541924202,0
1.67725595853408,4.4162358925746,0.334618628353123,2.9639078883874,0
1.68726251242198,2.34296650588402,0.320549453371764,3.07686724487862,0
1.69726906630987,3.71105344001819,0.306787852079582,3.1787351351175,0
1.70727562019776,4.34002196095241,0.293344736963023,3.26952011787735,0
1.71728217408565,2.68199205316876,0.280229340368901,3.34927647782431,0
1.72728872797355,3.14375949462027,0.267449247381201,3.41810284429748,0
1.73729528186144,1.23691433026301,0.255011703540521,3.47614047959468,0
1.74730183574933,0.476084496750957,0.24292127400153,3.52357139681674,0
1.75730838963723,1.04131022276954,0.23118396966048,3.56061628369381,0
1.76731494352512,2.03793104905441,0.219803088664439,3.58753221777879,0
1.77732149741301,0.717745099358808,0.208780272135547,3.60461019992387,0
1.7873280513009,0.324436238226042,0.198118937775865,3.61217256145819,0
1.7973346051888,1.38300340438536,0.187818791692059,3.61057028340106,0
1.80734115907669,0.292560357388595,0.177879868106826,3.60018014185467,0
1.81734771296458,0.0685625826953355,0.168300877451487,3.58140184673435,0
1.82735426685247,0.931437417304664,0.15908256171009,3.55465514240711,0
1.83736082074037,0,0.150220311449491,3.5203768286922,0
1.84736737462826,0,0.141710685442447,3.47901780444663,0
1.85737392851615,0,0.133548572210635,3.43104016058078,0
1.86738048240405,0,0.125729644423132,3.37691424002602,0
1.87738703629194,0,0.118247864844341,3.31711587709072,0
1.88739359017983,0,0.111099882406752,3.25212357662603,0
1.89740014406772,0,0.104273978996681,3.18241591572801,0
1.90740669795562,0,0.0977693482149151,3.10846896813569,0
1.91741325184351,0,0.0915766853173722,3.03075395293955,0
1.9274198057314,0,0.0856863102025385,2.94973488126698,0
1.93742635961929,0,0.0800918728047005,2.86586646590858,0
1.94743291350719,0,0.0747837070077937,2.77959218390242,0
1.95743946739508,0,0.0697541382866968,2.69134247698298,0
1.96744602128297,0,0.0649938608256312,2.60153311413861,0
1.97745257517087,0,0.0604947581151324,2.51056374824975,0
1.98745912905876,0,0.0562476919114617,2.41881662338711,0
1.99746568294665,0,0.0522424684277623,2.32665553995485,0
2.00747223683454,0,0.0484698139913435,2.23442488074438,0
2.01747879072244,0,0.0449228048700177,2.14244889581878,0
2.02748534461033,0,0.0415894603326777,2.05103112812644,0
2.03749189849822,0,0.0384590823315057,1.96045400098064,0
2.04749845238611,0,0.0355255598084534,1.87097855385542,0
2.05750500627401,0,0.0327791254569331,1.78284439067255,0
2.0675115601619,0,0.0302126482272692,1.69626968670868,0
2.07751811404979,0,0.0278154748264967,1.61145136038219,0
2.08752466793769,0,0.0255798435464695,1.52856540025752,0
2.09753122182558,0,0.0234972507115878,1.44776724446211,0
2.10753777571347,0,0.0215593517257757,1.36919233888782,0
2.11754432960136,0,0.019758932708559,1.29295677809998,0
2.12755088348926,0,0.018087045721462,1.21915790948752,0
2.13755743737715,0,0.016537971731724,1.14787520019312,0
2.14756399126504,0,0.0151054470916752,1.07917104065545,0
2.15757054515293,0,0.0137782642014584,1.01309161092266,0
2.16757709904083,0,0.0125543702872718,0.949667779182512,0
2.17758365292872,0,0.0114269919784168,0.88891613282613,0
2.18759020681661,0,0.0103869062584191,0.830839902380277,0
2.19759676070451,0,0.00943070191856177,0.775429994565062,0
2.2076033145924,0,0.00855239779420817,0.722665985502215,0
2.21760986848029,0,0.0077469968913795,0.672517090979574,0
2.22761642236818,0,0.00700865036360092,0.624943155218683,0
2.23762297625608,0,0.00633283648026911,0.579895653040005,0
2.24762953014397,0,0.00571366741310231,0.537318581887229,0
2.25763608403186,0,0.0051477977571746,0.497149481807687,0
2.26764263791975,0,0.00463392611245549,0.459320222139895,0
2.27764919180765,0,0.00416436483408966,0.423757880814697,0
2.28765574569554,0,0.00373773711203838,0.390385637998707,0
2.29766229958343,0,0.00335132525059546,0.359123412377722,0
2.30766885347133,0,0.0030013229317155,0.329888685005227,0
2.31767540735922,0,0.00268451695016882,0.302597136511478,0
2.32768196124711,0,0.00239640883989696,0.277163357201214,0
2.337688515135,0,0.00213766927968914,0.253501251450735,0
2.3476950690229,0,0.0019038936908064,0.231524731554702,0
2.35770162291079,0,0.00169257005465429,0.211148133114908,0
2.36770817679868,0,0.00150113808723545,0.192286711897987,0
2.37771473068657,0,0.00133037873339961,0.174856974119614,0
2.38772128457447,0,0.00117735761309883,0.158777127453012,0
2.39772783846236,0,0.00103962289152078,0.143967118362576,0
2.40773439235025,0,0.000917163571400051,0.130349357318183,0
2.41774094623815,0,0.000808001369572015,0.117848465408491,0
2.42774750012604,0,0.000710268330763014,0.106391660343337,0
2.43775405401393,0,0.000624787259155754,0.0959089898113348,0
2.44776060790182,0,0.000548548194121451,0.0863332831691503,0
2.45776716178972,0,0.000479797989955455,0.0776003637278616,0
2.46777371567761,0,0.000418283567244382,0.0696490145811373,0
2.4777802695655,0,0.000364077035220969,0.0624210757853521,0
2.4877868234534,0,0.000317473606772367,0.0558613955218584,0
2.49779337734129,0,0.00027601649597668,0.0499178148206402,0
2.50779993122918,0,0.000238582239291185,0.0445411807151756,0
2.51780648511707,0,0.000205703248755948,0.0396853273140001,0
2.52781303900497,0,0.000177303906686549,0.0353068329248426,0
2.53781959289286,0,0.000152706143956766,0.0313650990764379,0
2.54782614678075,0,0.000130175500274471,0.0278223380732153,0
2.55783270066864,0,0.000111592095384333,0.0246432763201623,0
2.56783925455654,0,9.62728148476005e-05,0.0217952053455073,0
2.57784580844443,0,8.16711289791522e-05,0.019247725018761,0
2.58785236233232,0,6.88839028592098e-05,0.0169727879667074,0
2.59785891622022,0,5.86694533192753e-05,0.0149444955184119,0
2.60786547010811,0,4.96233480338365e-05,0.0131390048488425,0
2.617872023996,0,4.19094219372695e-05,0.0115344361845782,0
2.62787857788389,0,3.58522552437249e-05,0.010110689174789,0
2.63788513177179,0,2.9929109613358e-05,0.00884944925648493,0
2.64789168565968,0,2.48591130451517e-05,0.00773398352781944,0
2.65789823954757,0,2.03338449680582e-05,0.00674893058209894,0
2.66790479343546,0,1.67995615582908e-05,0.00588053492584698,0
2.67791134732336,0,1.35978441530293e-05,0.00511620649495423,0
2.68791790121125,0,1.12427823101349e-05,0.0044444853395107,0
2.69792445509914,0,8.93121922367762e-06,0.00385514726266292,0
2.70793100898704,0,6.81173019251302e-06,0.0033389105467872,0
2.71793756287493,0,5.31825991351154e-06,0.00288744108369993,0
2.72794411676282,0,3.93979863204386e-06,0.00249322973236935,0
2.73795067065071,0,3.13552419883845e-06,0.00214957159357509,0
2.74795722453861,0,2.59422907461504e-06,0.00185043205413024,0
